,claim,label
0,"Chemical found in Cheerios, Quaker Oats may cause infertility and delayed puberty",Unsupported
1,Researchers have â€œalready perfected the ability to put human vaccinesâ€ into certain foods â€œright nowâ€; grocery vegetables might contain human vaccines,Misleading
2,â€œNo childhood vaccine has ever been through a double blind placebo controlled trial.â€,false
3,"Per FDA guidelines, babies are too small to safely handle the amount of aluminum in childhood vaccines",false
4,â€œFrance will send citizens to jail if they question mRNA vaccinesâ€; â€œItâ€™s now a crime in France to oppose the mRNA vaxâ€,false
5,COVID-19 vaccine recipients might not be eligible for blood donation,Misleading
6,"Global COVID Vaccine Safety study shows that COVID-19 vaccines are dangerous, inadequately tested; getting vaccinated is more dangerous than getting COVID-19",false
7,Vaccines contain unhealthy levels of aluminum; Japanâ€™s elimination of vaccines has reduced infant mortality,false
8,Doctors are â€˜injecting poisonâ€™ into babies every two months.,false
9,"Viruses donâ€™t exist, terrain theory explains why diseases occur",false
10,Study shows myocarditis from COVID-19 vaccination carries serious risk of death,false
11,Polio vaccine doesnâ€™t work; India had no cases of non-polio paralysis until polio vaccine was introduced; polio was renamed to hide its existence,misleading
12,"â€œOfficial CDC data: 143,233% surge in fatal cancers among Vaxxed Americansâ€",false
13,â€œThe HIV test can turn positive after COVID-19 as well as the vaccineâ€; â€œmaybe a form of immunodeficiency is thereâ€,misleading
14,"Vaccines have caused an ""explosion"" of childhood cancer; vaccine package insert states vaccines werenâ€™t tested for mutagenic effect",false
15,"COVID-19 vaccines are associated with an increase in heart conditions, cancer",Unsupported
16,Placing raw onion on the bottom of the feet eliminates illness,false
17,â€œCOVID-19 Shots Linked to Autism in Vaccinated Rats: Studyâ€,Unsupported
18,â€œthey already have the pandemic plannedâ€; â€œthereâ€™s an 89-page pdf about how theyâ€™ll push everythingâ€,Unsupported
19,"A â€œzapperâ€ can kill parasites, bacteria, and viruses; it cures all diseases",false
20,COVID-19 vaccines cause leprosy,false
21,The pandemic was planned; respiratory illness surge in New York and China isnâ€™t airborne but due to chlorine and benzene in food and water,false
22,Ben Carson endorsed CBD gummies and â€œ3 completely natural ingredientsâ€ to cure hypertension,false
23,"Natural supplement SightCare restores â€œperfect 20/20 vision without glasses, contacts or surgeryâ€",Unsupported
24,"COVID-19 vaccines contain proteins from HIV; â€œif you have taken the third dose, go and take a test for AIDS, then sue your governmentâ€",false
25,COVID-19 vaccines are â€œan unqualified disasterâ€; they didnâ€™t â€œ[halt] viral spreadâ€ and they caused â€œhigh morbidity and mortality ratesâ€,false
26,COVID-19 vaccines are â€œexperimental poisonâ€; COVID has gone away,false
27,Vitamin K shots are dangerous because of toxic levels of aluminum; Hepatitis B vaccines contain toxic ingredients,false
28,"â€œthe COVID vaccines have killed millions of people worldwide, an estimated 1 death per 1,000 doses on average in a standard populationâ€",false
29,"â€œNatural Immunity Better Than Protection From COVID-19 Vaccination, researchers in Estonia foundâ€",Misleading
30,Published studies show that COVID-19 mRNA vaccines cause metabolic cardiomyopathy and sudden cardiac death,false
31,"HPV vaccines are ineffective and cause side effects including autoimmune and neurological disorders, based on VAERS reports",false
32,A public information film on the coronavirus was released in the 1970s,false
33,"Vaccines, MTHFR mutation, and glyphosate lead to autism in children with brain injury",false
34,Red Bull contain cocaine and buprenorphine,false
35,"â€œThere is a cure to every d!iseaseâ€; herbs can cure cancer, diabetes, Alzheimerâ€™s",false
36,Unapproved genetically modified organisms in the COVID-19 mRNA vaccines could permanently change our DNA,false
37,COVID-19 vaccination of pregnant women is connected to an increase in U.S. infant mortality rate in 2022,false
38,"Ventilators, not COVID, killed hospitalized COVID patients",false
39,"A soup made of garlic, onions, thyme, and lemon can replace the flu shot and cure other illnesses such as the common cold and norovirus",false
0,Study shows myocarditis from COVID-19 vaccination carries serious risk of death,false
1,Polio vaccine doesnâ€™t work; India had no cases of non-polio paralysis until polio vaccine was introduced; polio was renamed to hide its existence,misleading
2,"â€œOfficial CDC data: 143,233% surge in fatal cancers among Vaxxed Americansâ€",false
3,â€œThe HIV test can turn positive after COVID-19 as well as the vaccineâ€; â€œmaybe a form of immunodeficiency is thereâ€,misleading
4,"Vaccines have caused an ""explosion"" of childhood cancer; vaccine package insert states vaccines werenâ€™t tested for mutagenic effect",false
5,"COVID-19 vaccines are associated with an increase in heart conditions, cancer",misleading
6,Placing raw onion on the bottom of the feet eliminates illness,false
7,â€œCOVID-19 Shots Linked to Autism in Vaccinated Rats: Studyâ€,misleading
8,â€œthey already have the pandemic plannedâ€; â€œthereâ€™s an 89-page pdf about how theyâ€™ll push everythingâ€,misleading
9,"A â€œzapperâ€ can kill parasites, bacteria, and viruses; it cures all diseases",false
10,COVID-19 vaccines cause leprosy,false
11,The pandemic was planned; respiratory illness surge in New York and China isnâ€™t airborne but due to chlorine and benzene in food and water,false
12,Ben Carson endorsed CBD gummies and â€œ3 completely natural ingredientsâ€ to cure hypertension,false
13,"Natural supplement SightCare restores â€œperfect 20/20 vision without glasses, contacts or surgeryâ€",misleading
14,"COVID-19 vaccines contain proteins from HIV; â€œif you have taken the third dose, go and take a test for AIDS, then sue your governmentâ€",false
15,COVID-19 vaccines are â€œan unqualified disasterâ€; they didnâ€™t â€œ[halt] viral spreadâ€ and they caused â€œhigh morbidity and mortality ratesâ€,false
16,COVID-19 vaccines are â€œexperimental poisonâ€; COVID has gone away,false
17,Vitamin K shots are dangerous because of toxic levels of aluminum; Hepatitis B vaccines contain toxic ingredients,false
18,"â€œthe COVID vaccines have killed millions of people worldwide, an estimated 1 death per 1,000 doses on average in a standard populationâ€",false
19,"â€œNatural Immunity Better Than Protection From COVID-19 Vaccination, researchers in Estonia foundâ€",misleading
20,Published studies show that COVID-19 mRNA vaccines cause metabolic cardiomyopathy and sudden cardiac death,false
21,"HPV vaccines are ineffective and cause side effects including autoimmune and neurological disorders, based on VAERS reports",false
22,A public information film on the coronavirus was released in the 1970s,false
23,"Vaccines, MTHFR mutation, and glyphosate lead to autism in children with brain injury",false
24,Red Bull contain cocaine and buprenorphine,false
25,"â€œThere is a cure to every d!iseaseâ€; herbs can cure cancer, diabetes, Alzheimerâ€™s",false
26,Unapproved genetically modified organisms in the COVID-19 mRNA vaccines could permanently change our DNA,false
27,COVID-19 vaccination of pregnant women is connected to an increase in U.S. infant mortality rate in 2022,false
28,"Ventilators, not COVID, killed hospitalized COVID patients",false
29,"A soup made of garlic, onions, thyme, and lemon can replace the flu shot and cure other illnesses such as the common cold and norovirus",false
30,"â€œAmericans are dropping deadâ€ from COVID-19 vaccines; vaccines impair fertility, pregnancy, infant survival",false
31,â€œNo discernible benefit of covid-19 vaccination in pregnancyâ€; â€œhigher rate of neonatal and all-cause readmissions among babies born to vaccinated mothersâ€,false
32,"Study in Italy shows nearly 1 in 3 COVID vaccine recipients have neurological side effects, indicating an â€œunacceptableâ€ safety profile",false
33,"â€œFauci frankensteined Covid bats on our soil a year before the pandemic, but then acted all shocked when the virus started spreadingâ€ ; Fauciâ€™s goons went to the Wuhan lab, bottled up a virus and brought it to a lab in Americaâ€",false
34,â€œNew medicine normalizes blood sugar levels after the first useâ€,false
35,"The more COVID-19 vaccines doses people receive, the higher the risk of getting COVID-19; vaccines contain DNA fragments that modify the genome and cause cancer",misleading
36,"â€œAn accurate reporting by Pfizer would have shown equal numbers of clinical trial deaths in the vaccine and placebo groups and thus, no benefit of vaccinationâ€",false
37,Vaccine killed 3.5X more Americans than COVID virus,false
38,"Sugar causes ADHD in babies, dementia and Alzheimer's in adults, cancer",misleading
39,"The U.S. government spread misinformation that vaccinated immunity was far greater than natural immunity, that masks were effective, that myocarditis was more common after the infection than the vaccine",misleading
40,Regulatory agencies didnâ€™t know of residual DNA contamination in COVID-19 RNA vaccines; residual DNA could integrate into our DNA and cause cancer,false
41,Cayenne pepper is â€œthe most powerful blood thinnerâ€,misleading
42,COVID-19 vaccines increase the risk of heart attacks,misleading
43,New England Journal of Medicine â€œprovesâ€ 80% miscarriage rate among vaccinated women; COVID-19 vaccines harm menâ€™s and womenâ€™s fertility,false
44,COVID-19 vaccines are responsible for killing 17 million people,false
45,There is more excess mortality in countries with higher level of COVID-19 vaccination,misleading
46,COVID-19 vaccines can be sexually transmitted to unvaccinated people; vaccines cause blood discoloration and weaken immune system,false
47,COVID-19 vaccine mRNA cannot be broken down; COVID-19 vaccines cause excess death and unprecedented blood clots,false
48,"â€œ1 million mRNA covid shots or teens will prevent 0-1 deaths and CAUSE 100,000 - 200,000 severe side effectsâ€",misleading
49,"N-acetylcysteine inhibits viral replication, breaks up mucus, and is effective against COVID-19",misleading
50,"VAERS reports show 410,000 Americans were killed by COVID-19 vaccines; the COVID-19 vaccine caused 41 times more deaths than reported",false
51,â€œvaccinated and boosted people were MORE likely to be hospitalized with the new Omicron variant than unvaccinated peopleâ€,misleading
52,Researchers from Yale University created a new delivery method for mRNA vaccinesâ€¦ through the air,misleading
53,â€œLeaky vaccinesâ€ are causing SARS-CoV-2 to evolve rapidly; COVID-19 vaccines donâ€™t prevent disease and death; childhood vaccine safety is doubtful,misleading
54,A study showed a â€œweakened immune response in kids injected with Pfizerâ€™s COVID-19 shotâ€; â€œThe mRNA Covid jabs damage immune responses to other viruses in childrenâ€,false
55,Natural immunity persists for decades; Pregnant women arenâ€™t at risk from COVID-19; DNA plasmids are in COVID-19 vaccines; no evidence that COVID-19 boosters are safe,misleading
56,"With the new BA.2.86 variant, â€œWeâ€™re in a situation where vaccination, according to the CDC, increases the likelihood of infectionâ€",false
57,"The CDC â€œRemove[d] COVID Vaccine Adverse Event Reportsâ€, â€œstopping the collection of public health information doesnâ€™t have a clinical justificationâ€",misleading
58,â€œMask study published by NIH suggests N95 Covid masks may expose wearers to dangerous level of toxic compounds linked to seizures and cancerâ€,false
59,"Vitamin K shots are poisonous because they contain polysorbate 80 as â€œmain active ingredientâ€ that has â€œstrong links with infertility, with autoimmune issuesâ€",false
60,Higher COVID-19 vaccination rates in White people are related to higher COVID-19 death rates,misleading
61,â€œThe FDA is now saying that it is OK to prescribe ivermectin [for COVID-19]â€,misleading
62,Doctors murdered to protect Big Pharma profits and silence holistic health practitioners,false
63,â€œthe Covid injections are not effectiveâ€ because the large majority of deaths involving COVID-19 occurred among vaccinated individuals,misleading
64,â€œModerna and Pfizer shots have a bovine protein in them that then creates an autoimmune response in those that take the shot so that many of them can no longer eat beefâ€,false
65,Blank COVID-19 vaccine safety inserts show there are no safety and effectiveness studies for these vaccines,false
66,â€œAll these vaccines are causing harm to our kidsâ€; â€œThe fully unvaccinated kids are always healthierâ€; â€œvaccines are causing chronic disease in Americaâ€,false
67,VAERS data are â€œcrystal clearâ€: â€œthe COVID vaccines are killing peopleâ€,false
68,"â€œ1 in 35 people showed signs of heart damage after taking the Moderna COVID19 vaccineâ€; it is a â€œkill shotâ€; taking â€œthis kind of risk, itâ€™s just complete madnessâ€",misleading
69,COVID-19 RNA vaccines werenâ€™t made with messenger RNA; vaccine RNA cannot be broken down in the body,false
70,â€œDr Tedros doesnâ€™t have his vaccinationâ€,false
71,Pfizer documents confirm that mRNA COVID-19 vaccinations contain graphene oxide,false
72,Bill Gates and health agencies are staging a new pandemic specifically targeting children; it might already be here according to the WHO or the UK government,misleading
73,â€œLancet Study on Covid Vaccine Autopsies Finds 74% Were Caused by Vaccineâ€,misleading
74,Vaccinated children are more likely to have poorer health outcomes compared to unvaccinated children,false
75,â€œPfizerâ€™s COVID Shot Was Only Tested on 250 Peopleâ€,misleading
76,The increase in both the number of vaccines in the CDC schedule and in autism rates implies that vaccines cause autism,false
77,â€œNew Study Links Pfizerâ€™s COVID Vaccine to â€˜Turbo Cancerâ€™â€,false
78,"Zero Amish Children Diagnosed with Cancer, Diabetes or Autism; Amish children are largely unvaccinated; Covid death rates among Amish communities are 90 times lower than for the rest of America",false
79,Cultivated meat is produced using â€œcancerous and pre-cancerous cellsâ€,false
80,Bill Gates-funded company released genetically modified mosquitoes in the U.S. and caused a malaria outbreak,false
81,"Danish researchers show high rates of side effects from Pfizer COVID-19 vaccine, indicating problems with safety",misleading
82,"Thai princess â€œmost likely a victim of the jabâ€, Thailand â€œcould become the first country in the world to nullify the contract between the government and Pfizerâ€",false
83,â€œthe number 1 indicator of parasites is actually an autoimmune conditionâ€,false
84,â€œCOVID-Vaccinated More Likely To Be Hospitalizedâ€,misleading
85,DNA in COVID mRNA shots â€œmay have the ability to alter the human genomeâ€; â€œSV40 has been linked to cancer in humansâ€; â€œRegulatory Agencies Knew There Was a Contamination Problemâ€,misleading
86,"â€œThere is a huge boom in cancer, especially in female breast cancer in the younger ages of 45 and below.â€",false
87,"""The EMA admits COVID-19 vaccination causes infertility""",false
88,There are no FDA-approved COVID-19 vaccines on the U.S market as of May 2023,false
89,"â€œPeople Who Get More COVID Vaccines More Likely to Get the Virus, New Study Showsâ€",misleading
90,"â€œSARS is the research developed by humans, weaponizing a life system model to actually attack human beingsâ€",false
91,â€œJamie Foxx Left â€˜Paralyzed and Blindâ€™ From â€˜Blood Clot in His Brainâ€™ After Receiving COVID-19 Vaccineâ€,misleading
92,"COVID-19 is caused by snake venom, not a virus; snake venom is in the COVID-19 vaccines and causes miscarriage",false
93,â€œthose who have been fully vaccinated for COVID-19 with mRNA shots will lose 25 years of their lifeâ€,false
94,â€œthe mRNA jab didnâ€™t actually save any livesâ€,misleading
95,Fenbendazole cures cancer,misleading
96,A study shows that â€œCOVID vaccines could be causing â€˜long-term brain damageâ€™â€,misleading
97,Rise in cancer after water fluoridation was introduced shows fluoride causes cancer; â€œFluoride amounts to public murder on a grand scaleâ€,misleading
98,Alzheimerâ€™s disease is a â€œphysician-caused diseaseâ€ that arises due to nutritional deficiencies,false
99,Cancer and multiple sclerosis are caused by parasites; hydroxychloroquine and ivermectin can cure cancer,false
100,"â€œCOVID Vaccines Were Never Safe for Pregnant Women, Pfizerâ€™s own data showâ€",false
101,Sugar causes cancer; eliminating sugar from the diet can cure cancer,false
102,The spike protein induced by COVID-19 vaccines is toxic and causes diseases and deaths; nattokinase can counter these effects,false
103,"Intravenous hydrogen peroxide ""enables the body to cure itself of practically any disease""",false
104,"â€œSince the vaccine rolled out, [a midwife]â€™s seen no normal placenta [â€¦] theyâ€™re all compromisedâ€",false
105,â€œAs fluoride goes up [...] IQ goes down in the developing brains of our kidsâ€,misleading
106,"â€œ600,000 Americans Per Year Are Dying From COVID Shots Says Top Insurance Analystâ€",misleading
107,Herpes is not a sexually transmitted disease; a commercially available plant product can cure herpes,false
108,Switzerland stops COVID-19 vaccines due to safety concerns,false
109,â€œU.S. biolabs in Ukraineâ€ could be involved in â€œpossible biological warfareâ€,misleading
110,â€œAstraZenecaâ€™s COVID-19 Vaccine Tripled Deaths in Young Womenâ€,misleading
111,COVID-19 vaccines caused â€œ26.6 million Injuriesâ€ and â€œ1.36 million Disabilitiesâ€ in 2022 and cost the economy billions of dollars.,false
112,Poppers are the cause of Kaposiâ€™s sarcoma,false
113,Carnivore diet produces â€œa 90% reduction in all diseasesâ€ and a reduction in insulin use by diabetics,misleading
114,"Excessive mucus causes bronchitis, arthritis, multiple sclerosis, psoriasis, and glaucoma",false
115,Pfizer admits that vaccinated people can shed the vaccine on unvaccinated people,false
116,COVID-19 vaccines increase the risk of miscarriages and stillbirths,false
117,COVID-19 vaccines are responsible for the rise in heart attacks in young people,misleading
118,"â€œclearly [COVID-19] vaccines are dangerous for kidsâ€, they cause myocarditis; children are protected from COVID-19 by innate immunity which is bypassed by vaccination",false
119,â€œDissolution of Spike Protein by Nattokinase: Holy Grail of COVID-19 Vaccine Detoxificationâ€; long COVID is caused by persistent spike protein in the body,false
120,5G at 60 GHz â€œstops the human body and blood absorbing oxygenâ€; this is what doctors are describing in COVID-19 cases,false
121,â€œAlzheimerâ€™s disease did not occur 40 years agoâ€; cholesterol-lowering drugs and diets cause Alzheimerâ€™s,false
122,Mullein leaves and marshmallow roots treat COVID-19,misleading
123,Morgellons test using cranberry juice pulls out nanoparticles from chemtrails and air pollution,false
124,â€œA new study found that 92 percent of people with a high cholesterol level lived longerâ€,misleading
125,"â€œThe more doses on average you have in a region within the United States, the bigger increase in mortality that region has had in 2022 when compared to 2021â€",misleading
126,Vitamin B17 â€œwas banned by the US because of its cancer-killing propertiesâ€,false
127,â€œMedicare data shows the COVID vaccines increase your risk of dyingâ€,misleading
128,â€œhuge peer review show[ed] vaccines may have caused tens of millions of serious new health problems worldwideâ€,false
129,"We were lied about â€œCOVID-19 numbersâ€, treatments, natural immunity, and the origin of the virus; COVID-19 vaccines and control measures â€œdidnâ€™t workâ€",misleading
130,Cancer can be treated with baking soda,misleading
131,â€œnatural immunity provides superior protection to experimental vaccines; â€œThey lied and said Natural Immunity wasnâ€™t better than [vaccine]-induced immunityâ€,misleading
132,"VAERS reports in Florida increased by 1,700% after COVID-19 vaccines became available, signaling safety concerns",misleading
133,â€œAn increased risk of stroke events has been identified with the Pfizer COVID-19 bivalent vaccineâ€,misleading
134,"Face masks are ineffective at reducing the spread of COVID-19 and other respiratory diseases, a Cochrane review demonstrates",misleading
135,Moderna was already producing COVID-19 vaccines before the beginning of the pandemic,false
136,â€œPCR kits have never been about testing for COVIDâ€ [...] Theyâ€™re cloning devicesâ€,false
137,"COVID-19 mRNA vaccines don't work and are causing serious harm, including death",misleading
138,â€œmost of the individuals who had been fully vaccinated would develop full-blown vaccine-induced acquired immunodeficiency syndrome by the end of the monthâ€,false
139,COVID-19 vaccination is associated with all-cause excess mortality,misleading
140,"More than 200,000 people may have died due to the COVID-19 vaccine",misleading
141,EuroMOMO data shows excess deaths in people aged 0 to 14; excess deaths in Europe cannot be explained by COVID-19,misleading
142,"Sweetgum balls contain the same active ingredient that Tamiflu contains, which is shikimic acid; It kills viruses including SARS-CoV-2",false
143,â€œSecret CDC Report confirms nearly 120k Youngsters 'Died Suddenly' in the USA by Oct. 2022 following roll-out of COVID Vaccinesâ€,false
144,Inhaling hydrogen peroxide kills respiratory tract pathogens,misleading
145,â€œBill Gates Vows To Pump mRNA Into Food Supply To â€˜Force-Jabâ€™ the Unvaccinatedâ€,false
146,The Pfizer COVID-19 bivalent vaccine causes strokes,misleading
147,"â€œOmicron subvariant XBB.1.5 possibly more likely to infect those who are vaccinated, officials sayâ€",misleading
148,"â€œCancer rates have increased since the introduction of the COVID-19 shotsâ€, which â€œis driving down U.S. life expectancyâ€",misleading
149,More people are dying now than at the peak of the pandemic; the COVID-19 vaccines are the cause of the excess deaths seen in late 2022,false
150,COVID-19 vaccines are causing excess deaths around the world; sudden adult death syndrome is new,misleading
151,The tabletop exercise â€œCatastrophic Contagionâ€ means that â€œBill Gates and WHO have announced when we will see the next pandemicâ€,misleading
152,A study showed that the number of serious adverse vaccine events associated with COVID-19 vaccines is â€œtoo highâ€,misleading
153,Ivermectin is a safe and effective COVID-19 treatment,misleading
154,"Attali wrote â€œthe future will be about finding a way to reduce the populationâ€, elites will â€œfind a real cause, a pandemicâ€ after having â€œtaken care of having panned the treatmentâ€",false
155,Harry Hoxseyâ€™s herbal therapy effectively cures cancer,misleading
156,"Turmeric, ketogenic diet, ozone therapy, megadoses of vitamin C and adaptogens are cures for cancer that have been suppressed for four decades",misleading
157,â€œPfizerâ€™s COVID-19 Vaccine Linked to Blood Clotting: FDAâ€,misleading
158,"Medical exemptions are unavailable even for people who â€œshouldn't get the [COVID-19] vaccineâ€, including those with a history of blood clotting or an adverse reaction to a prior vaccine",misleading
159,â€œMajor New Autopsy Report Reveals Those Who Died Suddenly Were Likely Killed by the Covid Vaccineâ€,misleading
160,Vaccine effectiveness has fallen from 100% to 20%; the early reported vaccine effectiveness figures were lies,misleading
161,â€œâ€˜Gold Standardâ€™ Scientific Trial Deals Massive Blow to N95 and Surgical Masks as Way to â€˜Stop Covidâ€™â€,false
162,"â€œThe risk of myocarditis is 800 times higher for vaccinated than unvaccinated young adults, according to a recent Swiss studyâ€",false
163,"COVID-19 vaccines are linked to abnormal blood clotting, sudden deaths, world depopulation",false
164,"â€œALL vaccines, including the seasonal flu shot, contain parasitesâ€, mRNA vaccines reduce the amount of anti-spike antibodies",false
165,Vaccines and vitamin K injections given to children are unsafe,false
166,"â€œAs long as you take an Emergency Use [vaccine], you canâ€™t sue them. Once they get approved, now you can sue themâ€”unless they can get it recommended for childrenâ€",misleading
167,"Face masks cause hypercapnia and blood acidity, which might increase cancer risk",false
168,â€œHIV does not cause AIDSâ€,false
169,Death of 4 years old poster boy for vaccination campaign is linked to COVID-19 vaccine,misleading
170,Israeli study showed that COVID-19 doesnâ€™t increase the risk of heart inflammation,misleading
171,Face masks contain a â€œcancer-causing compoundâ€; â€œexposure to titanium dioxide â€˜systematically exceeded the acceptable exposure level to TiO2 by inhalationâ€™â€,misleading
172,"â€œif a human is injected with a GMO it becomes a patented piece of property from the governmentâ€, â€œthey take away all your rights with mRNAsâ€",false
173,More than 88% of ICU patients in Germany are vaccinated; the COVID-19 vaccines no longer protect against severe disease,misleading
174,"Phoebe Adele Gates is â€œunvaccinated, not even [for] childhood vaccinesâ€.",misleading
175,Federal agencies already knew that hydroxychloroquine and chloroquine â€œwere very likely to be effective against COVID-19â€ based on 2014 paper,misleading
176,According to Moderna themselves: Serious adverse events affected 1 in 200 toddlers. But they still concluded the mRNA vaccine was safe in children,misleading
177,"â€œCovid death rates are higher among Republicans than Democrats, mounting evidence showsâ€",true
178,â€œMore people have been killed by the COVID vaccines in the last 20 months than all the other vaccines in the world over the last thirty years combined.â€,misleading
179,â€œSARS-CoV-2 vaccination was associated with higher risk of myocarditis death [...]  risk of myocarditis following SARS-CoV-2 vaccination may be more serious than that reported previouslyâ€,misleading
180,COVID-19 vaccines are linked to an increase in abnormal blood clots observed by embalmers,misleading
181,â€œQuarter of U.S. covid deaths were probably preventable with vaccinationâ€,true
182,â€œOne in every 500 children under five years who received the Pfizer mRNA Covid vaccine were hospitalised with a vaccine injuryâ€,false
183,"A study by Kaiser Permanente â€œshows negative efficacy of the shots against all variants within 150 daysâ€; â€œthe more you inject, the more you infectâ€",misleading
184,"â€œIn COVID hearing, #Pfizer director admits: #vaccine was never tested on preventing transmission. â€˜Get vaccinated for othersâ€™ was always a lie.â€",misleading
185,"â€œAlzheimerâ€™s most of the time is preventable. Itâ€™s not genetic, and itâ€™s type 3 diabetes, which is insulin resistance of the brainâ€",misleading
186,"Florida study found that COVID-19 mRNA vaccines increase the risk of cardiac-related death, especially in men",misleading
187,Intravenous vitamin C specifically kills only cancer cells and not healthy cells,misleading
188,COVID-19 vaccines were â€œrushed into marketâ€; VAERS shows an â€œunusual spike in vaccine adverse eventsâ€; unvaccinated people aren't a threat to vaccinated people,misleading
189,President Joe Biden told people to get vaccinated to protect themselves from hurricanes,misleading
190,mRNA COVID-19 vaccines might do more harm than good,misleading
191,â€œThe third leading cause of death is MD-directed treatmentsâ€,misleading
192,â€œPotassium chloride actually causes cardiac arrest [â€¦] and weâ€™re drinking it in Dasani water.â€,misleading
193,"Solfeggio frequencies can regenerate the body, remove toxins, remove negativity",misleading
194,â€œPapaya seeds contain compounds that naturally kill parasitesâ€,misleading
195,â€œHarvard Study Confirms: Fluoride Reduces Childrenâ€™s IQâ€,false
196,â€œThe FDA hid the evidence that HCQ [hydroxychloroquine] was effective in the early treatment of the disease. Hundreds of thousands of people died as a result of this lie.â€,misleading
197,â€œCovid-19 Vaccines 98 Times Worse Than the Virusâ€,false
198,â€œthere is an international medical crisis due to the diseases and deaths co-related to the administration of products known as â€˜COVID-19 vaccinesâ€™â€,misleading
199,Denmark banned COVID-19 vaccines for anyone under 50,false
200,Embalmers find â€œstrange clotsâ€ in corpses since the implementation of COVID-19 vaccines,misleading
201,"Cannabis can treat cancer, PTSD, seizures, anxiety, glaucoma, and depression",misleading
202,Consuming turpentine will kill parasites,misleading
203,"â€œIvermectin reduces COVID death risk by 92%, peer-reviewed study findsâ€; NIH now lists ivermectin as COVID-19 therapy",misleading
204,â€œWe allow toxic metals such as aluminum and mercury in shotsâ€,false
205,mRNA vaccines cause â€œvascular and organ damageâ€ that can lead to death,false
206,â€œDid you use toothpaste with fluoride today? It blocks your pineal gland. And they put children on it.â€,misleading
207,â€œ[T]he peak of vaccine mandates in America [â€¦] coincides with massive excess mortality among people in the prime of lifeâ€,misleading
208,â€œ67% of the deaths are from the vaccinatedâ€;  â€œ67% of your COVID deaths that youâ€™re creating are from your virus that youâ€™re putting within these peopleâ€,false
209,â€œ44 Percent of Pregnant Women in Pfizer Trial Lost Their Babiesâ€,false
210,â€œNew paper suggests Covid mRNA vaccination rates are linked to increases in overall deathsâ€,misleading
211,Cancer occurs when â€œyour body is full of acidityâ€; alkalizing your body prevents cancer,false
212,CDC has now classified [monkeypox] as airborne and anybody within 15 ft can catch it; [it] is now classified as a form of herpes [...] lasts 2-4 months [and] can lead to being paralyzed,false
213,Excess folic acid from food causes ADHD; folic acid is a dangerous chemical in food,misleading
214,Lancet study showed that vaccinated people have lower immune function than unvaccinated people; COVID-19 vaccines suppress the immune system,false
215,Canadian data shows vaccinated people more likely to die from COVID-19; COVID-19 vaccines alter our DNA; hydroxychloroquine and ivermectin cure COVID-19,false
216,"â€œThe herbs heal [...] not vitamin C, because the body is not composed of any vitamin Câ€",false
217,â€œAbortion is never medically necessaryâ€,false
218,"Plants such as pennyroyal, blue and black cohosh or mugwort are an effective alternative abortion method",misleading
219,â€œCovid Vaccines More Likely to Put You in Hospital Than Keep You Outâ€,false
220,"â€œIn America, youâ€™re 6x more likely to be killed by a Doctor than a gunâ€",misleading
221,Ramsay Hunt syndrome that caused Justin Bieberâ€™s facial paralysis is linked to the COVID-19 vaccine,misleading
222,COVID-19 vaccination is associated with the sudden death of young adults,misleading
223,â€œCountries with high levels of mask compliance did not perform better than those with low mask usageâ€; â€œMask Mandates [are] Associated With Increased Covid Death Rateâ€,false
224,Food supplements get â€œperfect sugar levels restoredâ€ and â€œhelp with type 2 [diabetes]â€,misleading
225,Babies of vaccinated mothers are dying in disproportionate numbers and the COVID-19 vaccines are responsible,false
226,Researchers from the Wuhan Institute of Virology (WIV) â€œassembled monkeypox strainsâ€,false
227,A South African scientist made a â€œhuge medical breakthroughâ€ by successfully removing HIV from a sperm cell in a lab,misleading
228,â€œWilhelm Reich invented a way to cure cancerâ€,misleading
229,Monkeypox is caused by COVID-19 vaccines; a 2021 tabletop exercise portraying a monkeypox pandemic is evidence that global leaders planned the outbreak; the monkeypox vaccine was â€œreadyâ€ before the outbreak,false
230,Exipure weight loss supplement is scientifically proven to be effective; BPS-5 supplement effectively reduces blood pressure,misleading
231,"â€œ[Spike] is harmful to the human body in at least eight different ways [and] can persist in the human body for weeks, or even months, after a person gets vaccinatedâ€",misleading
232,"Abortion increases the risk of breast cancer, mental illness, and preterm labor",misleading
233,Apple cider vinegar and thermogenic supplements are effective for rapid weight loss,misleading
234,Event 201 is evidence that officials already knew about COVID-19,misleading
235,â€œthey were not able to find a single healthy child in america that died from COVID-19 [â€¦] but one in every 2700 people are getting myocarditisâ€; â€œathletes are collapsing on playing fields as for myocarditis and it's from the vaccinesâ€; Moderna patent filed in 2019 is linked to the pandemic,misleading
236,U.S. deaths from COVID-19 hit 1 million,true
237,â€œYou can see the strength of the immune system from looking at the eyesâ€œ,misleading
238,"mRNA COVID-19 vaccines accumulate in the ovaries, change menstrual cycles, and lead the immune system to mount â€œan immune response to their own placental proteinâ€",false
239,"â€œthe CGG CGG coding [...] does not appear in natureâ€, this and the furin cleavage site from the SARS-CoV-2 spike protein gene suggests the virus wasn't transmitted from animals to humans",false
240,The SARS-CoV-2 virus was engineered in a laboratory and deliberately released,misleading
241,"Certain medicines and compounds like folic acid â€œdeplete folate, which is very serious for those with MTHFRâ€",false
242,COVID-19 vaccines cause fibrous clots in the lungs and blood vessels,misleading
243,"â€œHIV was an invention created by the Westâ€, people â€œtook the HIV medication and got HIVâ€, you can â€œreverse HIV naturallyâ€",false
244,Cases of acute hepatitis in children are linked to COVID-19 vaccines,false
245,Squalene in vaccines caused Gulf War Syndrome; the World Health Organization aims to depopulate the world with sterility-causing vaccines,false
246,"Hormonal birth control is associated with â€œPCOS [polycystic ovarian syndrome], hormonal imbalances, depression, and infertilityâ€",false
247,â€œPfizer Knew About Immunosuppressionâ€; â€œFully Vaxxed Are More Likely to Die From COVIDâ€,false
248,â€œturmeric prevents cancerâ€,misleading
249,â€œToothpaste is poisonousâ€; â€œfluoride is a neurotoxinâ€ and doesnâ€™t prevent tooth decay,false
250,The SARS-CoV-2 infection rate is higher among vaccinated than unvaccinated in the UK,misleading
251,"â€œWe have 21,000 cases of myocarditis and climbing. [â€¦] Under no circumstances, should a young person ever receive one of these vaccinesâ€",misleading
252,"â€œSunscreens cause cancer, not the sunâ€; sunscreen and sunless tanning products contain cancer-causing ingredients",false
253,â€œThe menstrual cycle isnâ€™t naturalâ€,false
254,Fauciâ€™s 2004 interview remarks about flu vaccine shows that natural immunity is best for COVID-19,misleading
255,â€œRemdesivir is proven to kill livesâ€,false
256,â€œIf you don't have hepatitis B then your baby's not going to have hepatitis Bâ€; â€œthere's 16 times the amount of aluminum that the FDA says can poison a babyâ€,false
257,â€œWe are allowing human organisms to become bioweapon factoriesâ€,false
258,The study by RÃ¶ssner et al. â€œadd[ed] further evidence for the usefulness of vaccines and their clear advantage over natural immunityâ€,mostly-true
259,â€œOxygen kills cancerâ€; Otto Warburg won two Nobel Prizes for proving lack of oxygen is the cause of cancer,false
260,"A â€œbabyâ€™s immune systemâ€ cannot â€œsafely handle 8 different antigens ğŸ’‰ (toxins, bacteria, DNA) in 1 dayâ€",false
261,"The CDC â€œremoved tens of thousands of deaths linked to COVID-19, including nearly a quarter of deaths it had listed in those under 18 years oldâ€",mostly-true
262,"Natural immunity protects better than vaccination; â€œthe mortality risk of an un-boosted person under age 30 was zeroâ€; cloth face masks, school closures had zero benefits for children and some harm",misleading
263,"TV personalities such as Shark Tank investors, Dr. Phil and Dr. Oz endorsed CBD gummies; CBD gummies have numerous health benefits",false
264,Safety surveillance data in the Pfizerâ€™s document shows harmful effects of the Pfizer-BioNTech COVID-19 vaccine,misleading
265,There are U.S.-funded bioweapon labs in countries surrounding Russia; â€œPentagon Funded Bio-Weapons Labs in the Ukraineâ€,misleading
266,â€œCOVID Deaths Have Been Vastly Overcountedâ€,false
267,"â€œIn other words, you're about 70 percent less likely to die if you take ivermectin compared to taking remdesivirâ€",misleading
268,"COVID-19 vaccine mRNA is converted to DNA and enters the cellâ€™s nucleus, so the vaccines can potentially change our DNA",false
269,â€œscientists find virus contains tiny chunk of DNA that matches sequence patented by Moderna THREE YEARS before pandemic beganâ€,misleading
270,The CDC â€œlowered the barâ€ for developmental milestones instead of acknowledging the effects of COVID-19 restrictions in children,misleading
271,Erythromycin eye ointment given to newborns carries many risks,misleading
272,Umbilical cord stem cells can be a cure for HIV; umbilical cord blood should be collected,misleading
273,"In 2021, cases of pregnancy and fertility issues, cancer, neurological issues, and heart disease spiked after COVID-19 vaccination",misleading
274,"A study from Johns Hopkins on natural immunity to COVID-19 demonstrates that infection provides better protection than vaccination, challenging official vaccine recommendations for previously infected people",misleading
275,The COVID-19 vaccine â€œdestroys the subjectâ€™s natural immune systemâ€; HIV VB variant is a â€œcover upâ€,false
276,"â€œLockdowns only reduced COVID-19 mortality by .2%, study findsâ€",misleading
277,Highly infectious HIV 'VB' variant makes people ill twice as quickly,true
278,"Ten countries â€œannounced the cancellation of all quarantine procedures, Corona tests, and compulsory vaccinationâ€",false
279,Phase 3 trial shows that Ivermectin is effective against Omicron,false
280,â€œWorldwide Data suggests Fully Vaccinated [people] are developing Acquired Immunodeficiency Syndromeâ€,false
281,â€œTotal Deaths From COVID MUCH LOWER Than Reportedâ€,false
282,"the COVID-19 vaccines are experimental and ineffective; â€œnatural immunity is superior to the vaccine induced immunityâ€; vaccine-induced spike protein is dangerous, causes serious side effects; â€œOmicron is a mild variant. It is absolutely able to escape prior vaccinationâ€",misleading
283,The COVID-19 vaccines are experimental,false
284,"The COVID-19 vaccine contains bacteria and HIV, prevents body from making new white blood cells",misleading
285,Zinc supplements can protect against COVID-19; Zinc â€œkills the virusâ€ and zinc ionophores are a â€œa zinc delivery systemâ€ that â€œallows zinc to go from outside the cell to inside the cellâ€,false
286,â€œThe shots were not studied in pregnant womenâ€; â€œwe have seen 50 times the rate of reporting [in VAERS] per month of miscarriages for this vaccine than the other vaccines put together.â€,false
287,â€œDanish researchers [...] found protection against Omicron turned negative three months after the second doseâ€,misleading
288,75% of deaths were people with â€˜at least four comorbiditiesâ€™,misleading
289,Booster COVID-19 vaccine doses can â€œshut down the immune responseâ€; heart damage following vaccination is â€œquite frequentâ€; â€œmany of these [SARS-CoV-2] mutations are being driven by the evolutionary selection caused by the vaccinesâ€,false
290,â€œCOVID-19 shots are not vaccinesâ€ because they donâ€™t â€œprevent one from becoming infectedâ€,false
291,â€œIf you stop testing it all goes away and people just have colds like beforeâ€,false
292,a â€œgame-changing studyâ€ showed that â€œCOVID vaccines [were] more dangerous than the virus itselfâ€; â€œchildren aged 12 to 17 are more likely to be hospitalized for myocarditis than for COVID.â€,false
293,"the pandemic was planned; the COVID-19 vaccines are experimental; previously infected people have â€œpermanent immunityâ€; VAERS shows vaccines killed thousands of people, vaccine-induced spike protein causes damage",false
294,mRNA vaccines force â€œyour childâ€™s body to make toxic spike proteins. These proteins often cause permanent damage in childrenâ€™s critical organsâ€; â€œthere is no benefit for your children or your family to be vaccinating your childrenâ€,false
295,A preprint of an ivermectin study in the Brazilian city of ItajaÃ­ found that prophylactic ivermectin reduced COVID-19 hospitalization and mortality by half,misleading
296,"â€œDr. Fauci opens up the possibility that the COVID-19 vaccine could be making people more likely to be infected by the virusâ€, â€œa vaccine that looked good in initial safety actually made people worseâ€",misleading
297,â€œantibodies that people produce against the coronavirus spike protein may lead to myocarditisâ€,misleading
298,"â€œIn Germany, a fence separates vaccinated and unvaccinated people. The biggest symptom of COVID is insanityâ€",false
299,'Omicron COVID Variant Found ONLY in Fully Vaccinated',misleading
300,Forbes article is evidence that COVID-19 vaccines change our DNA,false
301,"â€œPathogens evolve to become less, not more, virulent over timeâ€",false
302,â€œSweden obliterates the lie of â€˜vaccinesâ€™ as ticket to ending pandemicâ€; mass vaccination create vaccine-mediated viral enhancement,false
303,"COVID-19 vaccine spike proteins accumulate in the nucleus of cells, â€œdestroy DNA repair pathways, paving the way for CANCERâ€ and â€œdestroy the immune systemâ€",false
304,â€œmore children will die from the vaccine than will die from COVID in the first place and thereâ€™s proofâ€,misleading
305,Previously infected individuals who get reinfected donâ€™t transmit the virus to others; previous infection provides â€œbetter protectionâ€ than vaccination and this immunity â€œdoes not waneâ€,misleading
306,â€œThe CDC Finally Admits a Massive Number of Americans Have â€˜Natural Immunityâ€™: 146.6 Million Peopleâ€; 94% of Covid-related deaths were not caused by Covid-19,false
307,â€œWife of Pfizerâ€™s CEO dies after complications from the vaccineâ€,false
308,The WHO considers a child's presence at school alone to be sufficient as informed consent for vaccination,false
309,"Long COVID is â€œmostly a mental diseaseâ€; the condition long COVID is solely due to a personâ€™s belief, not actual disease; long COVID doesnâ€™t exist",false
310,"The Pfizer-BioNTech COVID-19 vaccine for children contains tromethamine, â€œa heart attack medicationâ€ with â€œa lot of potentially serious side effectsâ€",false
311,â€œItalian Higher Institute of Health has drastically reduced the countryâ€™s official COVID death toll number by over 97% after changing the definition of a fatality to someone who died from COVID rather than with COVIDâ€,false
312,Luciferase is in the COVID-19 vaccines to tag and track people,false
313,The Vaccine Surveillance Reports published by the U.K. government suggest that fully vaccinated people are developing AIDS,misleading
314,It â€œtook 15 years to uncoverâ€ Chantixâ€™s carcinogenic effects; there are reasons for being â€œskeptical of something that hasnâ€™t even been established/approved for a full 12 monthsâ€,misleading
315,"â€œthey are needing to change the definition of what it means to be fully vaccinatedâ€ â€œ40% of deaths from C19 last week [...] were fully vaccinated, [...] thatâ€™s a jump of 51.2%â€",misleading
316,â€œCovid SURGES Among Most Vaxxed Communities Says Harvard Studyâ€,misleading
317,"Prenatal ultrasound carries â€œextreme risksâ€, including miscarriage and genetic damage",misleading
318,COVID-19 vaccines contain graphene and living organisms made of aluminum,misleading
319,"â€œIf you are vaccinated against COVID-19, you face no conceivable danger whatsoever from people who have not been vaccinatedâ€; many unvaccinated people â€œhave natural immunity and are less likely to get sick than a vaccinated person from COVIDâ€",false
320,Ivermectin played a role on the steep decline of COVID-19 cases in Indonesia,misleading
321,â€œSpanish High Court Confirms That Covid 19 Does Not Exist!â€,false
322,â€œStudy: Vaccines Being Administered Incorrectlyâ€; â€œNow we find out they're administering the [COVID-19] jabs incorrectlyâ€,misleading
323,"â€œAll the Amish know we got herd immunityâ€, â€œWe all got the Covid, so why would you get a vaccine?â€",misleading
324,â€œCovid-19 vaccinated people have accounted for 81% of Covid-19 deaths this summerâ€; â€œCovid-19 deaths are over twelve times higher than the same period last yearâ€; â€œvaccine programme has clearly failedâ€,misleading
325,'The most populated state in India just declared they are officially COVID-19 free after promoting widespread use of the safe proven medicine',misleading
326,"1 in 1,000 children vaccinated against COVID-19 dies",false
327,"If you get the Pfizer vax, youâ€™re more likely to get COVID",false
328,â€œThe California study finds that vaccinated individuals are more susceptible to COVID variant infections than unvaccinatedâ€,false
329,â€œThere has been NO unusual excess mortalityâ€ related to COVID; â€œLockdowns do not prevent the spread of diseaseâ€; â€œMasks donâ€™t workâ€; â€œPCR tests were not designed to diagnose illnessâ€,false
330,â€œThe Red Cross says anyone who has received a COVID-19 vaccine cannot donate convalescent plasmaâ€; â€œthe vaccine wipes out these antibodies [against SARS-CoV-2]â€,false
331,'FDA experts reveal the Covid-19 Vaccines are killing at least 2 people for every 1 life they save',false
332,COVID-19 vaccines weaken the immune system; â€œIdaho doctor reports a â€˜20 times increaseâ€™ of cancer in vaccinated patientsâ€,misleading
333,"â€œNow the vaccines are no longer workingâ€œ; â€œthe vaccine never stopped transmissionâ€œ; â€œearlier-vaccinated people experience a complete waning of the injection-induced antibodiesâ€; antibody therapy, â€œthe one option that worksâ€, is blocked by the government",misleading
334,"For men, a positive pregnancy test equals testicular cancer",misleading
335,"â€œBlack Africans possess more DNA series than any other group on earthâ€; The more DNA series you have, the greater your potential for geniusâ€; â€œthey copyrighted that study, to hide that truthâ€",false
336,Ivermectin sterilizes the majority (85%) of men that take it,false
337,â€œthe only person â€˜hurtingâ€™ if I donâ€™t get the vaccine is me. So mind your own businessâ€,misleading
338,"One time in the 80â€™s-90â€™s, people died from AZT and not the actual AIDS virus; Anthony Fauci pushed this treatment",false
339,Germany suspended COVID-19 vaccinations,false
340,"â€œMucus is the cause of all diseasesâ€; â€œSoursop [is] 10,000 times more effective than chemotherapy for cancerâ€",false
341,â€œNo one has died of cancer or heart disease since the COVID-19 thing startedâ€,false
342,A COVID-19 booster means that the initial vaccination didnâ€™t work,false
343,â€œThereâ€™s no science behind masks on kidsâ€.,false
344,â€œvaccinated individuals carry 251 times the load of COVID-19 viruses in their nostrils compared to the unvaccinatedâ€,misleading
345,â€œToday the FDA announced they approved a drug whose Phase III clinical trials are not expected to be completed for two more yearsâ€,false
346,"COVID-19 vaccines will cause blood clotting, fertility problems, and immune escape",false
347,Ivermectin is an effective COVID-19 treatment; COVID-19 PCR tests lead to false positives; COVID-19 vaccines arenâ€™t working,false
348,Masks donâ€™t work; prisoners were released instead of being given masks,false
349,Science debunks the use of face masks to stop viruses like COVID-19,mostly-false
350,"â€œthe CDC now admits that being â€˜fully vaccinatedâ€™ does not actually fight the â€˜delta variant,â€™ but instead contributes to more infectionsâ€",false
351,"Face masks donâ€™t reduce the spread of respiratory infections; COVID-19 vaccines are ineffective, and may lead to more severe disease; ivermectin, vitamin D, and zinc are effective COVID-19 treatments",false
352,Natural immunity is far superior to COVID-19 vaccines,false
353,"In children, â€œthe mortality risk from COVID-19 is actually lower than from the flu. The risk of severe disease or hospitalization is about the sameâ€.",mostly-true
354,"Vaccinated people can still get COVID-19, spread COVID-19, die from COVID-19, and could even die from the vaccine",misleading
355,COVID-19 vaccines will make SARS-CoV-2 more dangerous due to a mechanism called antibody-dependent enhancement (ADE),misleading
356,"COVID-19 PCR test is inaccurate, will no longer be used; COVID-19 PCR test cannot differentiate between flu and COVID-19",false
357,Ethylene oxide in nasal swabs used for COVID-19 testing is harmful,false
358,"The non-vaccinated donâ€™t get tested, so the increase in COVID-19 cases is made up or due to the vaccinated",false
359,COVID-19 vaccines caused 895 serious reactions among military veterans,misleading
360,â€œ60% of people being admitted to hospital with COVID-19 in England have had two doses of a coronavirus vaccineâ€,false
361,Post-vaccination deaths reported to VAERS are caused by the vaccine,misleading
362,Both vaccinated and unvaccinated people have over 99% chance of surviving COVID-19,misleading
363,"A Harvard study showed that vaccinated people are â€œtwice as likely to get hospitalized as opposed to if they had a natural exposure to the SARS-CoV-2 virus, then got exposed to a Delta variantâ€",false
364,â€œNuremberg codes stipulate that consent must be voluntary [â€¦] Threatening someoneâ€™s livelihood unless they take an experimental vaccine is NOT voluntary consent.â€,false
365,â€œYou are more likely to die from the Delta variant if you have been vaccinatedâ€,false
366,'Remember to get vaccinated or a vaccinated person might get sick from the virus they got vaccinated against because you're not vaccinated',misleading
367,â€œ82% miscarriage rate among women who got the [COVID-19 vaccine] between 30 days and 20 weeks pregnant.â€,misleading
368,The fatality rate of the Delta variant of COVID-19 is lower than the original variant,false
369,â€œThese Spanish researchers have found that over 99 percent of the Pfizer vaccine is graphene oxide.â€,misleading
370,â€œFor three deaths prevented by vaccination we have to accept two inflicted by vaccination.â€,true
371,â€œ99.2% of U.S. COVID deaths in June were unvaccinated peopleâ€,false
372,â€œBuy yourselves charcoal activated tablets [â€¦] it will counteract most date rape drugsâ€,false
373,â€œThe WHO says children should not receive COVID-19 vaccinesâ€,misleading
374,â€œthe ovaries get the highest concentration of [lipid nanoparticles from RNA vaccines]. This turns the ovaries into a very large manufacturing plant to turn out toxic spike proteinâ€œ,false
375,â€œIndividuals with previous SARS-CoV-2 infection do not get additional benefits from vaccinationâ€,false
376,"Itâ€™s not a corona pandemic but itâ€™s a planned, staged PCR test pandemic",misleading
377,â€œPassengers on first fully vaccinated [...] cruise ship test positive for COVID-19. Almost like the shot is useless.â€,misleading
378,"More than half of myocarditis cases caused by COVID-19 vaccines occur in those aged between 12 and 34, yet this age group has a COVID-19 recovery rate of 99.99%",misleading
379,â€œThe MHRA now has more than enough evidence on the Yellow Card system to declare the COVID-19 vaccines unsafe for use in humans.â€,false
380,â€œThe kids who were [in hospital for other reasons] were the ones [...] on the ventilators. Not the kids who [were in hospital for COVID-19].â€,misleading
381,"Fauciâ€™s emails prove he knew that masks donâ€™t work against the spread of COVID-19, that hydroxychloroquine is effective against COVID-19, and that the virus is likely engineered, and he lied about these things to the public",false
382,"â€œTerrifying new research finds vaccine spike protein unexpectedly in [the] bloodstream. The protein is linked to blood clots, heart and brain damageâ€",misleading
383,Unvaccinated people have to wear masks to protect vaccinated people,misleading
384,"COVID-19 vaccines caused over 4,000 deaths; COVID-19 survivors canâ€™t get the virus and donâ€™t need to be vaccinated; natural immunity trumps vaccine immunity; spike protein from the vaccines is dangerous",false
385,Models that predicted that COVID-19 would cause 2.2 million deaths in the U.S. were intentionally false; treatments that are 100% effective are being banned for false reasons,misleading
386,COVID-19 vaccines caused as many deaths as the disease in young people,false
387,"â€œFauci admits to wearing a mask indoors because of appearances, not scienceâ€",false
388,COVID-19 vaccines contain metals or microchips that cause magnets to attach to the arm of vaccinated people,false
389,COVID-19 vaccines skipped animal testing; COVID-19 vaccines werenâ€™t tested in humans before being released to the public; COVID-19 vaccines are unsafe,false
390,"â€œ3,362 people apparently died after getting the COVID-19 vaccineâ€; â€œmore people, according to VAERS, have died after getting the [COVID-19] shot [...] than from all the other vaccinesâ€",misleading
391,â€œCOVID lockdowns donâ€™t appear to have saved livesâ€; â€œample scientific evidence points to the fact that lockdowns did not save livesâ€,false
392,"â€œIf you die within 20 days of testing positive for [COVID-19][...], youâ€™ll be counted as a COVID death.â€; vaccines are systematically dismissed as a possible cause of death.",false
393,Survival is over 99.9% so 'why are they insisting that children get this experimental treatment?'; 'mRNA vaccines are not vaccines but an mRNA treatment',misleading
394,"â€œWe found no COVID-19 in any of the 1,500 [COVID-19-positive] samplesâ€ but influenza A and B; â€œwhat we're dealing with is just another flu strain like every year. COVID 19 does not exist and is fictitiousâ€",false
395,COVID-19 vaccines killed people; COVID-19 has a â€œ99.97% survival rateâ€,false
396,"â€œCucumber kills lung cancer cellsâ€; â€œcucurbitacin B suppressed growth of human lung cancer cells by 90%, reduced their ability to invade surrounding tissues by 75% and reduced migration ability by 88%â€",false
397,COVID-19 vaccines cause menstrual problems in women; vaccinated people are causing health problems in unvaccinated people around them,misleading
398,â€œPfizer [COVID-19] vaccine confirmed to cause neurodegenerative diseasesâ€; â€œmRNA vaccines [â€¦] can integrate into the human genomeâ€,false
399,â€œHerpes infections may be a side effect of a COVID-19 vaccineâ€,misleading
400,"â€œIvermectin is the only thing we have that treats COVID at all stages [â€¦] Ivermectin substantially reduces deaths from COVID and prevents infectionsâ€; 50 studies â€œshow ivermectin is not just effective, but highly effectiveâ€",misleading
401,â€œBoth medical and non-medical face masks are ineffective to reduce transmission and infectivity of COVID-19â€; â€œlong-term consequences of wearing face masks on health are detrimental [including hypoxemia and hypercapnia]â€,false
402,â€œPentagon develops microchip that detects COVID under your skinâ€; Pentagon microchip can track your location,false
403,â€œBirth control has a far greater risk of blood clots than any Covid-19 vaccine so farâ€,mostly-true
404,"â€œWHO data shows [that] ivermectin reduces COVID-19 mortality by 81%, but they wonâ€™t recommend it?â€",misleading
405,â€œâ€¦a virus is not the cause of an illness. Itâ€™s a necessary cause [â€¦] but it is not the cause.â€,half-true
406,Ketogenic-based supplements let you lose weight while sleeping; Shark Tank judges backed â€œketo diet pillâ€,false
407,â€œNo vaccine for HIV after 40 years of research. No vaccine for the common cold [...] A virus mysteriously appears and within a year a vaccine is created and we are all expected to take it.â€,misleading
408,"â€œSince 1986, [the U.S. Government] has paid over $4.5 billion dollars for injury claims to individuals damaged by vaccines. We all wish that vaccines were 100% safe, but the truth is, theyâ€™re not.â€",misleading
409,"â€œlook at the [vaccination] schedule, we have gotten sicker and sickerâ€; â€œthe biggest jump in shots came after the 1986 vaccine protection actâ€",false
410,Scientific evidence doesnâ€™t support the wearing of face masks; â€œwhy do you care if I don't wear a mask? Doesn't your mask protect you?â€,false
411,COVID-19 vaccines are experimental and donâ€™t prevent infection or transmission; most of us have a 0.05% chance of dying from COVID-19,false
412,"â€œcoronavirus itself is responsible for just 6% of all deaths listed as coronavirus-relatedâ€, the others are â€œdue to pre-existing comorbiditiesâ€",misleading
413,AIDS was cured in more than a dozen patients,false
414,The mRNA vaccine is â€œan operating system that takes over the machinery of your cellsâ€ ; â€œ...by the time you get your fourth shot your body will be making all four proteins that make up the COVID-19 virus.â€,false
415,"Coronaviruses are all seasonal and go away on their own, including those that cause SARS and MERS; ivermectin is effective for preventing and treating COVID-19; COVID-19 vaccines are â€œgene therapyâ€, donâ€™t give immunity or prevent transmission",false
416,COVID-19 vaccines are dangerous; they cause an overreaction of the immune system; they suppress the NK cells of the immune system; they promote virus lethality,false
417,â€œNot one [COVID-19] vaccine is FDA approved. [...] They are all experimental.â€,misleading
418,Heart attack â€œvictims can help themselves by coughing repeatedly and very vigorouslyâ€,false
419,â€œIn a vegan world there would be no pandemics. 100% of pandemics are zoonotic in origin.â€,misleading
420,80% of people taking the Moderna vaccine had significant side effects; children in Sudan got polio from the polio vaccine,misleading
421,"Bill Gates stated that 'Weâ€™re taking things that are genetically modified organisms, and weâ€™re injecting them into little kidsâ€™ arms; we just shoot them right into the vein'",misleading
422,"â€œYou donâ€™t catch viruses, you naturally create them inside of your bodyâ€; â€œbacteria and viruses donâ€™t cause disease.â€",false
423,"COVID-19 mass vaccination will select for more virulent variants of the virus that causes COVID-19, which will escape vaccine-induced immunity and cause more severe disease",misleading
424,â€œJamaica has not recorded any cases of the coronavirusâ€,false
425,Tinnitus is your first real warning signal that your brain could be dying,false
426,"â€œScientists at Sloan Kettering discover mRNA inactivates tumor-suppressing proteins, meaning it can promote cancerâ€",false
427,Ivermectin reduces the risk of death from COVID-19,false
428,â€œMilk from cows 'has the most relevant carcinogen ever identifiedâ€™ and â€˜turns on cancer'â€œ,false
429,â€œThe Johnson & Johnson vaccine has aborted fetal tissue from aborted babies from the retina as well as from kidney cellsâ€,misleading
430,"â€œThe protein then can bind to your DNA and irreversibly change itâ€; â€œ[It] has several different type of lipids on it that have never been injected into human beings beforeâ€; â€œWe could be looking at right now as many as 12,000 deathsâ€",false
431,â€œThe tetanus bacteria is an anaerobic bacteria. That means that it cannot live in the presence of oxygen. You cannot get tetanus by stepping on a rusty nail.â€œ,false
432,"â€œCDC: Face Masks Donâ€™t Prevent COVID-19, Study Finds Masks Have Negligible Impact on Coronavirus Numbersâ€; CDC â€œadmitted such mandates do not make any statistical difference.â€",misleading
433,â€œVaccines cause autoimmune diseaseâ€; COVID-19 vaccine will â€œchange your genesâ€; aborted fetal tissue is in vaccines,misleading
434,"â€œthe Pfizer vaccines, for the elderly, killed during the 5-week vaccination period about 40 times more people than the disease itself would have killedâ€",misleading
435,"â€œIn five weeks, America has administered the most COVID vaccine shots than any other country in the world.â€",mostly-true
436,"The COVID-19 vaccines wonâ€™t let us stop mask-wearing, physical distancing and restaurants, pubs, and cinemas still remain closed, so why vaccinate?",misleading
437,â€œThe CDC is not an independent agency. It is a vaccine company [â€¦] The CDC owns over 20 vaccine patents. It sells about $4.6 billion of vaccines every yearâ€.,false
438,â€œItâ€™s been a year & there is still no evidence masks or lockdowns slow the spread of #COVID19â€,false
439,â€œBananas are a powerful antiviral foodâ€”so powerful that they have the capacity to repel growth of the retrovirus HIVâ€œ,false
440,"â€œHealth officials push pregnant women to get covid shots, despite known risksâ€",false
441,â€œHabitual use of vitamin D supplements was associated with a 34% lower risk of COVID-19 infectionâ€; â€œThis is an observational study so causation cannot be establishedâ€,false
442,COVID-19 cases are â€œdown by 50%â€ and â€œdaily vaccinations have increased by 85%â€ since â€œBiden took officeâ€,mostly-true
443,COVID-19 vaccines caused miscarriages,misleading
444,One person is 300 to 900 times â€œmore likely to dieâ€ after getting the COVID-19 vaccine than the flu vaccine; â€œAdverse events are widely underreportedâ€,misleading
445,"â€œCDC illegally inflated the COVID fatality number by at least 1,600 percentâ€; â€œthe NVSS COVID-19 Alert No. 2 [deemphasized] underlying causes of death [...] by recording them in Part II rather than Part I of death certificates [...] This was a major rule change [...] from the 2003 guidance on certification of death",false
446,There is no reason to get COVID-19 vaccines because vaccinated people can still get sick and are still required to wear masks,misleading
447,â€œNo one can possibly know if the [COVID-19] vaccine is safe and effective because the trial is still underway; â€œThousands of people who had the vaccine have died or been seriously injured by itâ€,false
448,"â€œLong-term Mask Use May Contribute to Advanced Stage Lung Cancer, Study Findsâ€",false
449,the â€œcase fatality rate of COVID-19 is 0.1% to 0.3% which is the same exact case fatality rate as the regular seasonal fluâ€; â€œBidenâ€™s press corps admitsâ€ COVID-19 was â€œa hoaxâ€,false
450,"â€œWe have vaccines because we didn't have treatment for smallpox and it was a very deadly disease that made sense to have a vaccine. [...] but [COVID-19]? Even without doing anything, this disease has a 99.991[%] chance of survival.â€",misleading
451,The â€œAmerican Journal of Medicine admit their stand on [hydroxychloroquine] was wrongâ€œ; it â€œpublished evidence that hydroxychloroquine is effective for preventing COVID-19â€œ,false
452,â€œMerck Scraps COVID Vaccines; Says Itâ€™s More Effective To Get The Virus And Recoverâ€,misleading
453,â€œThe CDC Finally Capitulated To ICANâ€™s Legal Demands and Removed the Claim that â€œVaccines Do Not Cause Autismâ€ From Its Website!â€,false
454,â€œAaronâ€™s tragic death is part of a wave of suspicious deaths among elderly closely following administration of COVID vaccines.â€,misleading
455,â€œWHO Admits High-Cycle PCR Tests Produce COVID False Positivesâ€; the WHOâ€™s new guidance includes lower PCR thresholds,false
456,â€œCOVID-19 immunity likely lasts for yearsâ€,mostly-true
457,"There are many reasons to not vaccinate, including vaccine toxicity; â€œVaccines donâ€™t prevent transmissionâ€; â€œVaccinated kids are not as healthy as unvaccinated kidsâ€œ",false
458,â€œ13 Israelis suffer FACIAL PARALYSIS after taking Pfizer Covid jabâ€,misleading
459,"â€œThousands of COVID Vaccine Injuries and 13 U.S. Deaths Reported in December Aloneâ€; â€œIn December, 3,916 COVID vaccine-related adverse events, including 13 deaths, were reported to VAERSâ€",misleading
460,â€There is no evidence to support the contention that masks would stop influenza while failing to stop COVIDâ€; â€œInfluenza has been renamed COVID-19 in large partâ€,misleading
461,Ivermectin â€œis a safe and widely available treatment for coronavirusâ€; it would â€œwork like a vaccineâ€,false
462,The COVID-19 RNA vaccine â€œis not a vaccineâ€; a vaccine has to disrupt transmission by CDC and FDA standards; the vaccine â€œactivate[s] the cell to become a pathogen-manufacturing siteâ€,misleading
463,the number of deaths in America in 2020 was not greater than that in 2019,false
464,"â€A German study involving over 25,000 children reveals that major negative impacts on the physical, psychological, and behavioral health of children may be far more widespread than reportedâ€",misleading
465,â€œNashville bomber died from COVID-19â€,false
466,asymptomatic spread of COVID-19 never occurs,false
467,â€œThe COVID-19 virus does not existâ€; â€œThe virus has never been isolatedâ€,false
468,"Simple cola produced a positive result in the COVID-19 rapid antigen tests, proving mass testing worthless",false
469,â€œonly 6% of COVID-19 deaths were caused by COVID-19 aloneâ€; only 0.056% of the U.S. population has died from COVID-19,misleading
470,"The AMA â€œreversed courseâ€, now â€œgiving the green light to doctors prescribing HCQ to their COVID patients.â€",false
471,Nurse faints after getting a COVID-19 vaccine,misleading
472,"â€œAccording to the 1986 National Childhood Vaccine Injury Act, you cannot sue a vaccine manufacturer if the vaccine has harmed and/or killed someoneâ€",false
473,'FDA panel backs Modernaâ€™s COVID-19 vaccine',mostly-true
474,â€œThey have been reducing the standards so they can pass the vaccine no matter whatâ€; â€œIt does not prevent transmissionâ€,false
475,"â€œRemember, in â€˜I Am Legend,â€™ the sickness didnâ€™t make the zombies. The vaccination did.â€",false
476,"The Pfizer/BioNTech vaccine contains mRNA encoding the SARS-CoV-2 spike protein, lipids, sucrose, and salts.",true
477,"â€œThe flu is not a season! It is an inability to adapt due to decreased sun exposure and water intake, combined with increased sugar intake and stress.â€",false
478,COVID-19 vaccine by Pfizer and BioNTech caused Bellâ€™s palsy and deaths,misleading
479,â€œThe COVID-19 pandemic is not a real medical pandemicâ€; â€œThe COVID-19 vaccine is not proven safe or effectiveâ€,false
480,â€œCovid Vaccine is Female Sterilizationâ€; SARS-CoV-2 vaccines may trigger an immune response against the placenta.,misleading
481,â€œvaccinated children appear to be significantly less healthy than the unvaccinatedâ€,misleading
482,â€œDid vaccines get rid of polio? The answer is NO!â€,false
483,â€œVitamin D insufficiency [...] may account for the majority of COVID-19 deathsâ€,misleading
484,â€œThalidomide was a rapid approved drug introduced in 1957 to counteract nausea and insomnia in pregnant women. It was [...] withdrawn in 1962 due to malformations in newborns [...] Be very careful with whatâ€™s coming.â€,false
485,"â€œJohns Hopkins study mysteriously disappears after it revealed, in spite of COVID, no more deaths in 2020 than in prior yearsâ€",misleading
486,COVID-19 vaccines will cause more severe disease through antibody-dependent enhancement,false
487,"Public health measures aimed at reducing the spread of COVID-19 including face masks, vaccines, and frequent handwashing â€œsuppress our immune systemsâ€",misleading
488,â€œMasks make no significant differenceâ€; â€œMasks have no significant effectâ€,misleading
489,Lockdowns and face masks do not work to control the COVID-19 pandemic,false
490,â€œPro-mask study withdrawn after virus spread in counties analyzed by researchersâ€; â€œmasks donâ€™t workâ€,false
491,â€œCONFIRMED - aborted male fetus in [COVID-19] vaccineâ€,true
492,"Pfizer is part of Operation Warp Speed; â€œThanks to the public-private partnership forged by President, [Pfizer] announced its Coronavirus Vaccine trial is EFFECTIVE, preventing infection in 90% of its volunteersâ€",mostly-true
493,"â€œDr. Anthony Fauci appeared to acknowledge that large numbers of positive COVID-19 cases may arise from oversensitive tests that pick up mere fragments of the virus rather than active, viable infections. If true, many patients may have been receiving false-positive test resultsâ€",false
494,â€œMask mandates do nothing to stop [the spread of] COVID[-19]â€; There is â€œoverwhelming scientific evidenceâ€ that masks do not work,false
495,â€œthe pandemic is fundamentally over in the U.K.â€; â€œWe now know that loads of people had prior immunity [...] I believe we are now firmly at community immunity.â€; â€œViruses donâ€™t do waves.â€,false
496,"â€œthe reason why the death rate is so low is because our body has another way to create immunity that goes beyond just the antibodies, itâ€™s called the memory T cellsâ€",misleading
497,â€œMost of the victims of the Spanish flu didnâ€™t die from the Spanish flu. They died from bacterial pneumonia. And the bacterial pneumonia was caused by [...] wearing masksâ€,false
498,"The U.S. has â€œa better handle on [COVID-19] than Europeâ€; â€œthe disease is less deadly here than it is in most of Europe, based on case fatality dataâ€",misleading
499,Some mouthwashes could help curb coronavirus,misleading
500,â€œa third of excess deaths in the United States during the COVID-19 pandemic could not be directly attributed to the coronavirusâ€; â€œOne reason for the high amount of excess deaths not attributable to COVID-19 has been disruptions in health services caused by lockdowns.â€,mostly-true
501,"â€œWe went from 75,000 flu deaths last year in America to almost 0 [...] do you think there may be allocation games being played to manipulate the truth?â€",false
502,"â€œCDC says [the SARS-CoV-2] virus was never airborne, rendering masks worthlessâ€",false
503,â€œCoronavirus horror: Volunteer in Oxford Universityâ€™s COVID-19 vaccine trial DIESâ€,misleading
504,COVID-19 is a type of flu and is not a pandemic; PCR tests are up to 94% false positive; only 98 COVID-19 related deaths have been reported in Ireland.,false
505,"â€œFlu cases down by 95%â€ between 2019 and 2020 for the weeks 40 to 41; flu is being diagnosed as COVID-19, leading to fewer flu cases being recorded",misleading
506,â€œThe coronavirus is no more deadly or dangerous than seasonal fluâ€,false
507,Fabricated genetic sequences were used to support the hypothesis that the virus arose naturally,misleading
508,"More people who wear masks become sick with COVID-19 compared to non-mask wearers, therefore masks donâ€™t work or are making us ill",misleading
509,â€œMen must have sex at least 21 times a month to avoid prostate cancerâ€,misleading
510,â€œU.S. mortalities this year are not materially different from the previous 5 yearsâ€,false
511,"â€œSeriously if the â€˜maskâ€™ protects me and you from [COVID-19] and we've been walking around in them for months, why would anyone need a flu shot right now?â€",misleading
512,Flu shots lead to severe or life-threatening conditions; flu shots are unsafe,misleading
513,â€œThe Government has released their initial plans to force a vaccine on everyoneâ€; â€œThree potential vaccines are currently in Stage 3 trials in the United States and could be ready in weeksâ€,false
514,â€œCOVID-19 [is] less deadly than [seasonal] fluâ€,false
515,â€œMore babies will die by abortion in two days than all the coronavirus deaths thus farâ€,false
516,"COVID-19 mortality rates are very low, therefore COVID-19 is not an important public health concern; if you are 70+ years old, you have a 0.054% chance of dying from COVID-19",misleading
517,"Masks are dirty and cause bacterial overgrowth, skin infections, and â€œmask mouth, [which is] a new medical condition caused by wearing masks all dayâ€",false
518,Hydrogels are part of the genome-modifying COVID-19 mRNA vaccines' delivery system; hydrogels will connect you to the internet,false
519,â€œWhy donâ€™t we wear masks for [tuberculosis]? Because CNN hasnâ€™t instructed you to.â€,misleading
520,The U.S. CDC encourages the use of a â€œ[COVID-19] flu shotâ€ on children.,false
521,â€œIt's NOT a SECOND WAVE of COVID-19 coming soon. It's the NORMAL COLD / FLU SEASONâ€,misleading
522,"Cloth masks cannot block smoke particles which are larger than viruses, so masks cannot stop virus transmission",misleading
523,COVID-19 case numbers are inflated due to PCR test sensitivity; â€œ90% of positive COVID-19 tests should be negativeâ€,misleading
524,â€œUN Forced to Admit Gates-funded Vaccine is Causing Polio Outbreak in Africaâ€œ,false
525,â€œWorld Bank website shows COVID-19 testing kits purchased by countries in 2017 and in 2018â€,false
526,"â€œEither masks work or they donâ€™tâ€; â€œI donâ€™t understand the safety concern with voting in person. Your mask works, right?â€",misleading
527,Birthmarks are indicators of the MTHFR gene; â€œWhen people have MTHFR their chances of vaccine reactions increase because they cannot detox the toxins from the vaccinesâ€,false
528,"only 6% of all the 153,504 deaths recorded actually died from Covid, the rest had other serious illnesses",misleading
529,"With the survival rate of COVID-19 close to 100% without a vaccine, what exactly will the purpose of the new vaccine be?",misleading
530,â€œThe greatest trick the CDC ever pulled was convincing the world you can be sick without having symptomsâ€,false
531,â€œGovernor of Maine orders restaurant staff to wear COVID visors like dog conesâ€,false
532,â€œThe overall lethality of [COVID-19] (IFR) is about 0.1% to 0.3% and thus in the range of a severe influenzaâ€,false
533,â€œChance of NOT dying from Covid-19: 99.96%â€,misleading
534,Large country-randomized controlled trial in 2.7 billion people shows 79.1% lower death rate in COVID-19 patients treated with hydroxychloroquine,true
535,"â€œSweden COVID-19 Death Rate Lower Than Spain, Italy and U.K., Despite Never Having Lockdownâ€",misleading
536,â€œWould you take a vaccine with a 33% death rate to feel safe from a virus with a .06% death rate?â€,misleading
537,â€œCan't make a vaccine that works for influenza. No vaccine for RSV. Can't cure cancer. But they sure as shit can make a vaccine in 6 months for an illness that they STILL don't understandâ€,false
538,"â€œHydroxychloroquine, azithromycin and zinc cure [COVID-19]â€",misleading
539,"If masks were effective and necessary, non-mask wearers should be dead by now",false
540,Health authorities like the World Health Organization and the U.S. Centers for Disease Control and Prevention discourage people from wearing face masks,false
541,"â€œYou donâ€™t need masks, there is a cure [for COVID-19] ... It is called hydroxychloroquine, zinc, and Zithromaxâ€",false
542,5G generates coronavirus in human skin cells,misleading
543,â€œCoronavirus may be sexually transmitted and cause male infertilityâ€,false
544,New oral spray â€œdeactivates 98% of the coronavirusâ€ in the mouth,misleading
545,Masks do nothing to prevent the spread of pathogens,half-true
546,"Vaccines are a cause of sudden infant death death syndrome; infant deaths decreased dramatically during the lockdown, when the number of vaccines administered was reduced",misleading
547,Deaths from COVID-19 are nearing zero in the U.S.,half-true
548,"There is no need to use nasopharyngeal swabs for COVID-19 testing, mouth swabs can be used instead",misleading
549,â€œno one has died from the coronavirusâ€,false
550,Nasal swabs used for COVID-19 tests reach the blood-brain barrier and may damage it.,false
551,â€œThere's a â€˜spikeâ€™ in [COVID-19] cases because there's a spike in testing.â€,false
552,Gas sensors show that wearing a face mask leads to oxygen deficiency and carbon dioxide toxicity,misleading
553,Antibodies for the common cold produce a positive COVID-19 test; false-positive results from COVID-19 antibody testing are behind the COVID-19 cases reported in the U.S.,misleading
554,Hospital laboratories falsify positive COVID-19 results,false
555,â€œCannabis is more effective at preventing and treating COVID-19 than hydroxychloroquineâ€,mostly-true
556,COVID-19 became a leading cause of death globally by the end of May 2020.,false
557,â€œOSHA says masks don't work and violate OSHA oxygen levelsâ€,misleading
558,"Bill Gates, founder of harmful vaccination campaigns in developing countries, now plans to use COVID-19 vaccines to surveil the population",false
559,â€œPeople with blood type O [are] more protected against COVID-19â€,false
560,"The WHO stated that asymptomatic spread of COVID-19 is â€œvery rareâ€, therefore physical distancing and face masks are not necessary",false
561,"â€œBrussels is halting their 5G plans due to the negative health effectsâ€; â€œEvidence ... overwhelmingly suggest[s] that, yes, 5G does pose a major threat.â€",false
562,"Vaccinated children are more likely to have adverse health outcomes like developmental delays, asthma, and ear infections compared to unvaccinated children.",misleading
563,"Wearing a face mask caused a 19-year-old grocery store worker to be hospitalized for a lung infection, due to breathing in her own carbon dioxide and bacteria.",misleading
564,â€œ5G plays a part in this â€˜plandemicâ€™â€ ... The cases of COVID-19 are â€œdirectly related to electromagnetic radiation exposure by 5Gâ€,false
565,Asymptomatic carriers cannot spread COVID-19; COVID-19 is not contagious; masks are not needed to reduce COVID-19 transmission from asymptomatic carriers,misleading
566,"UV-C lamps â€œkill 99.99% of all bacteria, viruses, and moldâ€ on â€œany surface you want to disinfectâ€ ... â€œin ten secondsâ€",misleading
567,There is no need for social distancing because we have a treatment for COVID-19,false
568,"""Autopsies performed by the Italian pathologists [have] shown that [COVID-19] is not pneumonia but it is disseminated intravascular coagulation""",misleading
569,"The U.S. is not losing â€œtons more lives in 2020â€ compared to 2019 (18,433) ... the increase is virtually non-existent",false
570,"â€œThe unvaccinated Amish rarely get cancer, autism, or heart disease.â€",half-true
571,"'New evidence shows wearing face mask can help coronavirus enter the brain and pose more health risk, warn expert'",misleading
572,The novel coronavirus SARS-CoV-2 was lab-created and patented; SARS-CoV-2 is not a new virus; COVID-19 pandemic was man-made and planned,false
573,â€œAutism is nothing more than mercury toxicityâ€œ; vaccine ingredients are toxic,false
574,Wearing face masks can cause carbon dioxide toxicity; can weaken immune system,false
575,Antibody tests support whatâ€™s been obvious: Covid-19 is much more lethal than the flu,misleading
576,the NIH researched chloroquine and concluded that it was effective at stopping the SARS coronavirus in its tracks,false
577,You have a 0.03[%] chance of dying from [COVID-19] in the state of California. [...] itâ€™s similar to the flu.,false
578,"By administering hydroxychloroquine combined with azithromycin, they were able to observe an improvement in all cases, except in one patient",misleading
579,smoking may protect against COVID-19,misleading
580,there are ZERO flu deaths and ZERO pneumonia deaths for the first time in history,false
581,"Elisa Granato, the first volunteer who availed herself in Oxford for a jab in the first Europe human trial of a vaccine to protect against the coronavirus pandemic has died.",false
582,The pH for the coronavirus varies from 5.5 to 8.5. What we need to do to defeat the coronavirus is to consume more alkaline foods above the virusâ€™ pH level.,false
583,this coronavirus genome contained sequences of another virus [â€¦] the HIV virus (AIDS virus),false
584,COVID-19 causes prolonged and progressive hypoxia (starving your body of oxygen) by binding to the heme groups in hemoglobin in your red blood cells,false
585,"Vitamins C and D are now finally being adopted in the conventional treatment of SARS-CoV-2; Vitamin C at extremely high doses acts as an antiviral drug, actually killing viruses; vitamin D helps the body fight SARS-CoV-2 infection and can cut infection risk.",half-true
586,Coronavirus pandemic would likely not be nearly as bad if 5G exposure/radiation pollution wasnâ€™t already compromising the structure and function of hemoglobin cells.,false
587,The flu shot causes false positive results on COVID-19 tests,half-true
588,There are no reliable tests for a specific COVID-19 virus,false
589,The coronavirus has been 'released' by China,false
590,Coronavirus does not cause a runny nose; is killed by temperatures above 26 degrees; causes lung fibrosis within days of infection; can be diagnosed by holding your breath for 10 seconds; and can be cured in the early stages by drinking plenty of water.,barely-true
591,Deforestation has made humans more vulnerable to pandemics,mostly-true
592,"Boil weed and ginger for Covid-19 victims, the virus will vanish",false
593,"it is not the pathogens themselves which initiate disease, they only show up because of an acidic, compromised, cell terrain",false
594,flu vaccine increases risk of coronavirus infection,misleading
595,Gargling with warm water and salt or vinegar eliminates the virus [SARS-CoV-2],false
596,[SARS-CoV-2] is spreading quickly from gas pumps. Shopping carts as well.,half-true
597,There is no â€˜coronavirusâ€™,false
598,"If we want to protect ourselves from the coronavirus, we must back away from all the climate change efforts we've been making",misleading
599,Aluminum in vaccines causes neurological damage and autism,false
600,"The government of Shanghai, China has announced its official recommendation that COVID-19 should be treated with high amounts of intravenous vitamin C",misleading
601,The second person ever has been cured from HIV,mostly-true
602,Research shows burning Sage cleans bacteria in the air,false
603,"The coronavirus outbreak is not actually caused by a virus, but by 5G technology",false
604,there are no studies that prove vaccines donâ€™t cause autism,false
605,Every election year has a disease; coronavirus has a contagion factor of 2,false
606,evidence points to SARS-CoV-2 research being carried out at the Wuhan Institute of Virology,false
607,Cancer is Candida/Fungus and can be cured,false
608,"The coronavirus pandemic can be dramatically slowed, or stopped, with the immediate widespread use of high doses of vitamin C",misleading
609,Garlic proven 100 times more effective than antibiotics,misleading
610,Smoking may protect lungs from cancer,false
611,2019 novel coronavirus contains 'pShuttle-SN' sequence proving laboratory origin,false
612,The DTaP vaccine causes SIDS,false
613,Coronavirus contains 'HIV insertions',false
614,coronavirus is not a new virus,false
615,Coronavirus hits 15% fatality rate,false
616,The FDA study looked at vaccines that are made from living cells [...] oftentimes contaminated with hidden viral fragments which have the potential to cause cancer.,false
617,The CDC found a 236% increased risk of autism in African-American boys associated with the MMR vaccine,false
618,Wuhan Coronavirus outbreak linked to eating bats,misleading
619,[The coronavirus is] â€œnewâ€ yet it was lab-created and patented in 2015,false
620,Colloidal silver is effective for any infection,false
621,"Raw manuka honey kills every bacteria scientists throw at it, including antibiotic-resistant superbugs",half-true
622,Vaccine Injuries Ratio: One for Every 39 Vaccines Administered,misleading
623,The Impossible Whopper has 44 mg of estrogen and the whopper has 2.5 ng of estrogen,false
624,Swabbing nostrils with triple antibiotic cream or gel will prevent the flu,false
625,The black lung lie: Itâ€™s the widespread belief that smokersâ€™ lungs turn black.,misleading
626,"4,250% increase in fetal deaths reported to VAERS after flu shot given to pregnant women",misleading
627,"You took Truvada to help protect against HIV, not increase your risk of kidney or bone problems.",misleading
628,Measles vaccine caused Samoa measles outbreak,false
629,The flu shot is made with cancer-causing ingredients,misleading
630,Vaccines [have been] found laced with entire genetic code for abnormal human loaded with cancer genes,false
631,the autoimmune diseases and menstrual cycle problems and fertility problems [...] and all of the other things that weâ€™ve now seen are associated with the [HPV] vaccine,mostly-true
632,"â€˜Hornsâ€™ are growing on young peopleâ€™s skulls. Phone use is to blame, research suggests.",misleading
633,human breast milk naturally contains the same cannabinoids found in the <i>Cannabis</i> plant,mostly-false
634,Vitamin D is more effective than [the] flu vaccine,misleading
635,The World Health Organization is still pushing this [vaccine] depopulation agenda throughout Africa,false
636,"All these diseases [...] use [sic] to be rare. Autism use [sic] to be 1 in 10,000. Now itâ€™s 1 in 50. Now, where is it all coming from? Vaccines are doing it.",misleading
637,"Samoa withdraws vaccine protecting against measles, mumps and rubella after two babies die within minutes of receiving the routine shot",mostly-true
638,"These two very different cultures have different ADHD levels in children, in America the rate is 19 percent, and in France, itâ€™s .5% â€“ a half of a percent",false
639,[It] is nearly impossible to categorize post-vaccine deaths as vaccine-related,false
640,smoking marijuana causes â€˜complete remissionâ€™ of Crohnâ€™s disease,misleading
641,"ginger is 10,000x more effective at killing cancer than chemo",misleading
642,the act of fasting for as little as three days can regenerate the entire immune system,misleading
643,ADHD is a fake disease invented by Big Pharma to drug children for profit,false
644,Flu shots are killing elderly citizens in record numbers,mostly-true
645,Abortion is never medically necessary,false
646,Sweden Bans Mandatory Vaccinations Over 'Serious Heath [sic] Concerns',false
647,"Recent Study Shows How Sunscreen Causes Cancer, Not the Sun",false
648,a [group] of people is injecting fruits with blood containing HIV and AIDS,false
649,side effects of the [HPV] vaccine outweigh the positives,false
650,vaccines had cancer enzymes in them,false
651,"Each of these ingredients [thimerosal, ovalbumin, formaldehyde, sodium deoxycholate] is a known neurotoxin",false
652,If a child has a mitochondrial disorder [...] she is more at risk of having a vaccine pushing her over the edge and causing a bad reaction,misleading
653,CDC Admits 98 Million Americans Received Polio Vaccine In An 8-Year Span When It Was Contaminated With Cancer Virus,half-true
654,Women are not warned about the risk of blood clots with their daily steroidal hormone pill,misleading
655,Studies have repeatedly linked fluoride to reduced IQ and brain damage,misleading
656,HPV vaccine may lead to elimination of cervical cancer,true
657,Cancer Institute Finally Admits Marijuana Kills Cancer,misleading
658,The effectiveness of homeopathy is confirmed daily,misleading
659,Science just confirmed eating turmeric every day could â€˜reverse cancerâ€™,misleading
660,Toxic vaccine ingredients in the MMR vaccine cause encephalopathy,false
661,"Measles Vaccines Kill More People than Measles, CDC Data Proves",mostly-false
662,"With repeated use of vaccines, cell-mediated immunity weakens",false
663,Drinking bottled water with an acidic pH is bad for your health,false
664,Unvaccinated children pose no threat to anyone,false
665,"If the tongue is 'crooked', if it goes to one side or the other that is also an indication of a stroke.",true
666,The measles outbreak is directly caused by illegal immigration,false
667,There Are Now 100 Scientific Studies That Prove Cannabis Cures Cancer,misleading
668,"Israeli scientists have developed a cure for cancer, which is 100% effective and coming by 2020",misleading
669,"Marijuana is non-addictive, cures cancer, and grows brain cells",false
670,Tilapia are chock full of Omega-6 fatty acids â€“ which increase your risk for Alzheimerâ€™s!,misleading
671,Previous claims that one or two drinks a day might protect against stroke are not true,true
672,Marijuana could be making teens less intelligent,true
673,"While e-cigarettes may have milder effects on the lungs, they are just as bad - if not worse - for the cardiovascular system",half-true
674,Flu shots spread the flu,false
675,Formerly healthy people are suffering serious harm or even dying from taking the flu shot,misleading
676,We believe we will offer in a yearâ€™s time a complete cure for cancer.,misleading
677,"Federal study finds marijuana a hundred times less toxic than alcohol, safer than tobacco",half-true
678,World Health Organization Officially Declares Bacon is as Harmful as Cigarettes,half-true
